scope,ran,n_rows,n_splits,roc_auc,accuracy_at_0_5,mean_predicted_synthetic_prob_for_real,mean_predicted_synthetic_prob_for_synthetic
overall,True,1656,5,0.9981894841269842,0.982487922705314,0.1502804537764652,0.8729245561298437
TD,True,930,5,0.999584736251403,0.9946236559139785,0.1625368058041895,0.8533486477713365
SLI,True,726,5,0.9924012855831037,0.9669421487603306,0.2907350270873656,0.8212738492861025
